,baseline_type,baseline_score,baseline_margin,subset_type,subset_score,subset_margin,subset_signal_sum,subset_has_signal,type_changed,type_changed_among_scored,score_delta,margin_delta
cell_1,endothelial cell of artery,0.1237262571135552,0.0005169472636566974,vein endothelial cell,0.2555046698390889,0.002809875111299154,47,True,True,True,0.13177841272553373,0.0022929278476424564
cell_2,fibroblast,0.0895674456150476,0.003142005211247703,fibroblast,0.20769489417037812,0.04497202185391319,10,True,False,False,0.11812744855533051,0.04183001664266549
cell_3,endothelial cell,0.1542469997299003,0.011477076569071903,endothelial cell,0.40651972679531584,0.019499357021220076,37,True,False,False,0.25227272706541554,0.008022280452148173
cell_4,fibroblast,0.1002397532836103,0.0020125131693471965,vein endothelial cell,0.18094452165902472,0.005299127938922038,28,True,True,True,0.08070476837541442,0.0032866147695748416
cell_5,endothelial cell,0.0989145169502436,0.001954594590238598,fibroblast,0.2235295940861436,0.08828187160329543,17,True,True,True,0.12461507713589999,0.08632727701305683
cell_6,vascular associated smooth muscle cell,0.0101603804434826,0.0003081063933180004,unassigned_subset_no_signal,,,0,False,True,False,,
cell_7,fibroblast,0.099793467379405,0.004754775685216608,endothelial cell,0.2546731965601009,0.020468117891190657,7,True,True,True,0.1548797291806959,0.01571334220597405
cell_8,myofibroblast cell,0.1452466013589321,0.0007930802773631063,myofibroblast cell,0.36883417998131696,0.009489973073727953,40,True,False,False,0.22358757862238485,0.008696892796364847
cell_9,vascular associated smooth muscle cell,0.1075434983424123,0.0004904871052991006,vascular associated smooth muscle cell,0.1732265048417085,0.016617527113272357,20,True,False,False,0.06568300649929622,0.016127040007973256
cell_10,pericyte,0.0332263707601387,0.004751119128850099,unassigned_subset_no_signal,,,0,False,True,False,,
cell_11,vein endothelial cell,0.0747488540346365,0.0019730539307043077,vein endothelial cell,0.21967934262813313,0.0602524278199581,12,True,False,False,0.1449304885934966,0.05827937388925379
cell_12,endothelial cell,0.1123902231009448,0.004191784186795111,vein endothelial cell,0.11604463502124635,0.013836953688075748,6,True,True,True,0.0036544119203015396,0.009645169501280637
cell_13,endothelial cell,0.1039501615464662,0.003687067429079302,endothelial cell of vascular tree,0.11590754935190967,0.022537580593790657,9,True,True,True,0.011957387805443462,0.018850513164711355
cell_14,vein endothelial cell,0.1249171799924644,0.002874392080977506,vein endothelial cell,0.18436866010532457,0.08757840518473962,13,True,False,False,0.05945148011286017,0.08470401310376212
cell_15,endothelial cell,0.1958792172053609,0.007091347853536989,endothelial cell,0.4504954431963508,0.038404009644592174,78,True,False,False,0.25461622599098993,0.031312661791055185
cell_16,endothelial cell,0.0952496414502628,0.0003491278288718924,vein endothelial cell,0.19967862763045308,0.03535873900214373,17,True,True,True,0.10442898618019028,0.03500961117327184
cell_17,vein endothelial cell,0.1598539148030936,0.003353263918720095,vein endothelial cell,0.43888092373386145,0.016215288075583978,50,True,False,False,0.2790270089307678,0.012862024156863883
cell_18,endothelial cell,0.1515848239954636,0.00039595122352031886,endothelial cell of artery,0.3404506523436711,0.007648396093411669,37,True,True,True,0.1888658283482075,0.00725244486989135
cell_19,endothelial cell,0.1300946463411126,0.00208053460465768,pericyte,0.19081760274131176,0.010737333113059216,19,True,True,True,0.060722956400199174,0.008656798508401536
cell_20,endothelial cell,0.1190557275717333,0.001604493716060293,vein endothelial cell,0.2534561995243399,0.0580050589154483,20,True,True,True,0.1344004719526066,0.056400565199388006
cell_21,pericyte,0.1034453482541205,0.0003822788798559934,unassigned_subset_no_signal,,,0,False,True,False,,
cell_22,pericyte,0.1099800985173516,0.0017537743459953015,vascular associated smooth muscle cell,0.21729631467875796,0.0057717113937826026,24,True,True,True,0.10731621616140635,0.004017937047787301
cell_23,pericyte,0.1083986049665063,0.004016358508843104,pericyte,0.13347771372823614,0.010753272608275632,18,True,False,False,0.025079108761729835,0.006736914099432528
cell_24,fibroblast,0.0532108560350025,0.0033471523226488997,pericyte,0.1631530340410329,0.037681081995056126,9,True,True,True,0.1099421780060304,0.034333929672407226
cell_25,endothelial cell,0.1201200822055032,0.0042784429532571056,endothelial cell of artery,0.2735831827670644,0.017260962071142583,15,True,True,True,0.1534631005615612,0.012982519117885477
cell_26,vein endothelial cell,0.1532493019981955,0.00012396479975448904,vein endothelial cell,0.28729782701793916,0.044260331361855865,22,True,False,False,0.13404852501974365,0.044136366562101376
cell_27,endothelial cell,0.148764258736804,0.0002996390708562835,pericyte,0.3050548084171386,0.03875907931567324,43,True,True,True,0.15629054968033462,0.038459440244816956
cell_28,vein endothelial cell,0.1038344504861767,0.005884572077131708,vein endothelial cell,0.3031271153404305,0.041976459708175484,6,True,False,False,0.19929266485425381,0.036091887631043776
cell_29,endothelial cell,0.1419933275961471,0.0041235323749932995,vein endothelial cell,0.2974470517853581,0.01150445236994524,26,True,True,True,0.15545372418921097,0.00738091999495194
cell_30,vein endothelial cell,0.1271533199283328,0.0002683115411227788,vein endothelial cell,0.21504720463824506,0.03968111498698859,21,True,False,False,0.08789388470991227,0.03941280344586581
cell_31,endothelial cell,0.1501928235702172,0.0029449631276980137,myofibroblast cell,0.3028294924817928,0.015103894651609051,58,True,True,True,0.1526366689115756,0.012158931523911037
cell_32,endothelial cell,0.0828562445336447,0.004638392770501598,vein endothelial cell,0.15880901239097867,0.022281609328573287,4,True,True,True,0.07595276785733397,0.01764321655807169
cell_33,vein endothelial cell,0.1231812159974258,0.004160870582967907,fibroblast,0.1988550670191551,0.033423528686305604,11,True,True,True,0.07567385102172929,0.029262658103337696
cell_34,fibroblast,0.1053436299485385,0.00025715474355721135,vein endothelial cell,0.30917923208763326,0.08937462475676791,11,True,True,True,0.20383560213909474,0.0891174700132107
cell_35,endothelial cell,0.0881175124519519,0.002418386380709403,endothelial cell of artery,0.1698694561061824,0.0045339950434187815,3,True,True,True,0.0817519436542305,0.0021156086627093784
cell_36,endothelial cell,0.0472189885016028,0.0009843348856887965,unassigned_subset_no_signal,,,0,False,True,False,,
cell_37,endothelial cell of vascular tree,0.0901505494258104,0.0016305222173581962,endothelial cell of artery,0.2301270447635209,0.013284284275232594,11,True,True,True,0.1399764953377105,0.011653762057874398
cell_38,fibroblast,0.1696196113117256,0.012287641051630382,fibroblast,0.32883224840081543,0.06353566470215599,43,True,False,False,0.15921263708908984,0.05124802365052561
cell_39,pericyte,0.1029328936965892,0.0028851908424138983,pericyte,0.22524058270768077,0.002130774679744263,22,True,False,False,0.12230768901109157,-0.0007544161626696355
cell_40,vein endothelial cell,0.041225019789599,0.004361101379562901,unassigned_subset_no_signal,,,0,False,True,False,,
cell_41,endothelial cell of vascular tree,0.0202000895389495,0.0001825999002987022,unassigned_subset_no_signal,,,0,False,True,False,,
cell_42,fibroblast,0.1262376647762303,0.00040219667902149925,endothelial cell of artery,0.27582092122692153,0.0033340563697956127,41,True,True,True,0.14958325645069123,0.0029318596907741135
cell_43,myofibroblast cell,0.0629260171600307,0.003703592558584698,unassigned_subset_no_signal,,,0,False,True,False,,
cell_44,endothelial cell,0.1511632590975457,0.00034033511575137787,vein endothelial cell,0.2745597069087266,0.02039585762606122,46,True,True,True,0.12339644781118092,0.020055522510309842
cell_45,endothelial cell,0.1432349438272714,0.001800765874226895,vein endothelial cell,0.30270467622356834,0.00724714289402828,35,True,True,True,0.15946973239629694,0.005446377019801385
cell_46,vein endothelial cell,0.1228187942809344,0.0055392763467281975,vein endothelial cell,0.3278480556350658,0.029990357728711725,33,True,False,False,0.2050292613541314,0.024451081381983528
cell_47,pericyte,0.0458167835453407,0.002106633244653003,endothelial cell of artery,0.12284400182039844,0.032262294461145355,10,True,True,True,0.07702721827505773,0.030155661216492352
cell_48,pericyte,0.1177605358838548,0.0021815047297149975,endothelial cell of vascular tree,0.25091700758664764,0.003477941023035308,28,True,True,True,0.13315647170279285,0.0012964362933203105
cell_49,endothelial cell of vascular tree,0.0729621414774816,0.00044596944612960987,vein endothelial cell,0.1971328034411004,0.012561993091977197,12,True,True,True,0.1241706619636188,0.012116023645847587
cell_50,endothelial cell,0.1178027634666062,0.0041180070088236015,vein endothelial cell,0.24385572528599986,0.021398887215385298,22,True,True,True,0.12605296181939366,0.017280880206561697
cell_51,endothelial cell of artery,0.0327025555475852,0.0035441972665727003,endothelial cell of artery,0.12287617535305011,0.01863135517809207,6,True,False,False,0.0901736198054649,0.01508715791151937
cell_52,vein endothelial cell,0.0624011271042214,0.005862484016116304,endothelial cell of vascular tree,0.22250697356561344,0.011046114995126088,1,True,True,True,0.16010584646139203,0.0051836309790097845
cell_53,endothelial cell,0.1317668671638358,0.002148924945173991,endothelial cell of vascular tree,0.3233114491787086,0.003071053112624289,26,True,True,True,0.1915445820148728,0.0009221281674502979
cell_54,vein endothelial cell,0.1385446488894526,0.0016053506105059012,endothelial cell of artery,0.24354911671071328,0.01089833223709269,34,True,True,True,0.10500446782126069,0.009292981626586788
cell_55,endothelial cell,0.1083580547439464,0.0009096677668821024,fibroblast,0.18856974464441464,0.04108605617291006,32,True,True,True,0.08021168990046824,0.040176388406027955
cell_56,myofibroblast cell,0.1486960147966228,0.0013589141886757028,pericyte,0.2212500419442246,0.003768247429425914,22,True,True,True,0.07255402714760179,0.002409333240750211
cell_57,fibroblast,0.0745215101836409,0.04036709314618529,fibroblast,0.33838480695970513,0.2522051307422978,6,True,False,False,0.26386329677606424,0.21183803759611247
cell_58,pericyte,0.0631681518582719,0.004317859406487205,endothelial cell of vascular tree,0.22250697356561344,0.011046114995126088,5,True,True,True,0.15933882170734154,0.006728255588638883
cell_59,endothelial cell of artery,0.0833066489889737,0.0009137779199237112,endothelial cell of artery,0.17724204057272755,0.03607026422810308,4,True,False,False,0.09393539158375384,0.03515648630817937
cell_60,vein endothelial cell,0.0628641668365634,0.0013568703103433027,fibroblast,0.24263049056291427,0.11681732261101785,9,True,True,True,0.17976632372635087,0.11546045230067455
cell_61,endothelial cell,0.1057461948819749,0.003721638103902497,endothelial cell of vascular tree,0.26509015612963854,0.016797844318933608,15,True,True,True,0.15934396124766365,0.013076206215031111
cell_62,endothelial cell,0.1221245336941853,0.002620092385270806,fibroblast,0.2521377622093566,0.011888530814938292,32,True,True,True,0.13001322851517128,0.009268438429667486
cell_63,endothelial cell,0.0800476293720404,0.0027594491284527872,endothelial cell,0.2180448331714913,0.0013156783170040764,11,True,False,False,0.1379972037994509,-0.0014437708114487108
cell_64,fibroblast,0.0799046000693942,0.0014626337674770035,pericyte,0.22221268376739117,0.002911918380459594,17,True,True,True,0.14230808369799697,0.0014492846129825904
cell_65,endothelial cell,0.1036360071014388,0.0028977718335443103,fibroblast,0.17171393265301138,0.03523817814448871,16,True,True,True,0.06807792555157258,0.0323404063109444
cell_66,myofibroblast cell,0.0442149098188269,0.0019902193189777,unassigned_subset_no_signal,,,0,False,True,False,,
cell_67,vein endothelial cell,0.1363860408793659,0.003211405018884006,vein endothelial cell,0.36152926946607666,0.060977959165103346,41,True,False,False,0.22514322858671076,0.05776655414621934
cell_68,endothelial cell,0.1155431198932664,0.0005421595257538991,vein endothelial cell,0.2035669967370556,0.006208648722490773,38,True,True,True,0.0880238768437892,0.005666489196736874
cell_69,endothelial cell,0.1260315223163367,0.0026018306242903133,vein endothelial cell,0.38697753148402464,0.005156199785410875,41,True,True,True,0.26094600916768795,0.002554369161120562
cell_70,fibroblast,0.0759052157199364,0.004940064627679805,fibroblast,0.20918819944706193,0.1223175814915633,4,True,False,False,0.13328298372712555,0.1173775168638835
cell_71,endothelial cell of artery,0.0175995268969758,0.003367227438128499,unassigned_subset_no_signal,,,0,False,True,False,,
cell_72,endothelial cell of vascular tree,0.0165240914782142,0.002757468060697498,endothelial cell of vascular tree,0.22250697356561344,0.011046114995126088,1,True,False,False,0.20598288208739923,0.00828864693442859
cell_73,vein endothelial cell,0.0997020121324884,0.0012558803069595975,vein endothelial cell,0.21542020693940442,0.07663237812491047,25,True,False,False,0.11571819480691602,0.07537649781795087
cell_74,vein endothelial cell,0.1418187939170209,0.00025597190258250246,endothelial cell of vascular tree,0.35037198451240165,0.024731046534474777,24,True,True,True,0.20855319059538074,0.024475074631892274
cell_75,fibroblast,0.0701086162270894,0.001696281846825104,fibroblast,0.20501230363502596,0.02966448606384603,9,True,False,False,0.13490368740793657,0.027968204217020926
cell_76,fibroblast,0.0823544836322315,0.004689397343060495,fibroblast,0.23661835179737425,0.01064062884658551,25,True,False,False,0.15426386816514276,0.005951231503525015
cell_77,myofibroblast cell,0.0979826776327919,0.001694035300256913,myofibroblast cell,0.17446978177245484,0.03582100579582265,14,True,False,False,0.07648710413966293,0.034126970495565734
cell_78,endothelial cell,0.1293241248398163,0.0002288813994631156,vein endothelial cell,0.28337429665995784,0.04110362284920224,25,True,True,True,0.15405017182014152,0.04087474144973913
cell_79,endothelial cell,0.0964804532026169,0.005317454761224402,vascular associated smooth muscle cell,0.21128496346718953,0.01819331783691505,7,True,True,True,0.11480451026457263,0.01287586307569065
cell_80,vein endothelial cell,0.1185282630569942,0.00786365607320949,endothelial cell of artery,0.28505444784402845,0.004395249816004365,42,True,True,True,0.16652618478703424,-0.0034684062572051255
cell_81,endothelial cell,0.0878221702347177,0.0037126400007782973,vein endothelial cell,0.20442274844149025,0.0038513149244045197,16,True,True,True,0.11660057820677255,0.00013867492362622247
cell_82,endothelial cell of artery,0.0353198236182543,0.00016183954746500084,unassigned_subset_no_signal,,,0,False,True,False,,
